timestamp,price,quantity
1,10002,1
3,9998,2
3,9998,1
5,10004,1
5,10002,1
15,10002,1
17,10005,6
27,9998,5
29,9998,1
33,9996,2
33,9996,2
43,9996,2
43,9995,1
43,9996,1
44,9998,1
48,10002,3
49,9998,1
49,9998,4
67,10002,4
68,9998,1
68,9996,1
68,9996,1
72,10004,1
74,10002,1
77,10005,1
79,10002,1
82,9998,1
89,10002,5
103,10004,2
106,9998,1
106,9998,1
108,10002,1
111,9996,2
114,9998,1
121,10002,1
123,10002,1
125,10002,5
137,9998,1
140,9996,1
151,10002,1
154,10002,1
158,9998,4
168,10002,2
173,9998,1
186,10002,1
189,10004,1
201,9998,1
206,10004,1
209,10004,1
211,9998,1
211,9998,1
216,10002,1
219,9996,1
220,10000,2
221,9996,1
224,10002,1
224,10002,2
225,10002,6
232,9998,1
242,9998,1
243,10002,5
243,10002,1
245,9998,1
245,9998,1
247,10004,1
251,10005,2
253,9996,1
254,10004,1
265,10002,2
266,10002,3
269,9998,1
274,10004,1
276,9998,1
277,9996,2
277,9996,4
279,9998,4
280,10002,1
281,9995,1
287,9996,1
287,9996,7
290,10005,1
292,10002,1
292,10002,1
299,10002,4
317,9998,1
317,9998,3
320,10002,1
323,10002,1
327,10002,1
337,9998,1
338,10002,1
339,10005,2
342,9996,1
342,9995,2
342,9996,2
347,9998,5
348,10002,1
357,10002,1
357,10002,1
360,9998,1
365,9996,1
367,10002,1
368,10002,1
372,9998,1
373,10002,7
373,10002,5
382,9998,5
382,9998,2
385,10002,1
386,10002,5
389,10002,4
394,10004,1
396,10005,2
397,10005,8
397,9995,2
397,10005,1
401,10002,1
403,9996,1
403,9996,5
415,9998,1
422,9995,2
423,10005,1
432,10002,1
438,9998,1
440,10002,4
441,9996,2
442,9998,2
445,9996,1
447,9996,1
451,9998,1
453,9998,1
460,9996,2
460,9996,1
460,9998,5
468,9998,1
470,9995,2
476,9995,2
477,9998,1
487,10002,2
491,9998,2
497,10002,1
498,9998,1
499,10002,1
501,10004,2
503,10002,1
504,10002,4
508,9998,1
527,9995,2
527,9998,1
536,9998,2
547,9998,1
550,9998,1
566,10004,1
570,9995,2
573,10002,1
588,9998,1
589,9998,1
590,9998,9
591,9998,2
593,9998,1
593,9998,2
594,10002,3
599,10004,2
599,10002,1
601,9998,1
602,9998,1
604,9998,2
605,9996,1
610,10004,1
615,10002,6
628,9996,1
628,9996,7
629,10004,1
635,9998,1
637,9998,1
651,10004,1
653,10002,1
654,9998,1
660,9996,1
661,9995,6
670,10002,4
671,9996,1
677,10002,1
694,10002,4
695,10002,1
695,10002,1
696,10002,1
704,10002,5
706,9996,2
707,10002,2
709,10005,12
709,10005,1
725,10004,1
734,9998,1
746,10004,2
748,9998,2
749,9998,1
758,10004,1
777,9998,1
781,10002,1
784,10004,2
784,10004,5
786,9996,2
793,9996,1
795,10004,1
799,9998,2
803,9998,3
804,9998,1
806,9998,1
807,9998,1
815,10002,1
822,9998,4
830,9998,1
834,10002,1
838,10005,1
841,10002,1
845,9996,1
848,10002,1
852,10002,1
855,9998,7
856,9996,2
858,10002,1
859,9996,1
862,9998,2
871,9998,1
885,10002,1
886,10002,1
887,9995,8
889,10002,1
889,10002,4
891,10005,2
893,9996,2
898,9998,1
898,10004,1
898,10005,2
902,9998,1
902,9998,2
904,9996,1
912,10002,1
913,9998,1
913,9998,7
913,9998,0
913,9998,2
916,9998,1
918,9998,3
919,9998,1
932,10004,2
932,10005,2
932,10004,10
932,10002,3
933,10002,1
944,9998,1
955,9998,1
957,9998,1
958,9996,2
958,9998,1
966,10002,1
971,10004,1
978,10005,1
987,10004,2
988,9996,1
988,9996,1
988,9998,1
998,9998,1
1004,9998,1
1006,9998,1
1009,10002,1
1017,10002,1
1023,10005,1
1026,9998,1
1037,9998,1
1039,9998,1
1040,9998,2
1048,9998,2
1050,9995,5
1057,9998,3
1061,10002,1
1065,10005,1
1068,9998,1
1078,9996,1
1083,9998,1
1086,9998,4
1086,9998,1
1088,10004,2
1089,9996,1
1089,9996,5
1097,10004,1
1106,9998,1
1107,10002,1
1118,10004,1
1139,10002,1
1143,10004,1
1145,9996,2
1145,9996,9
1161,10005,1
1163,9996,2
1164,9998,1
1168,9995,2
1175,10002,2
1179,9998,1
1181,10005,2
1182,10002,2
1183,10002,3
1190,9996,1
1190,9996,4
1190,9998,1
1191,10002,1
1192,9996,1
1192,9996,1
1202,10002,1
1209,10002,2
1210,10004,1
1213,10004,1
1216,10002,2
1218,9995,1
1222,9996,1
1225,10002,6
1225,10004,2
1225,10002,2
1226,9998,4
1227,10002,5
1231,10002,1
1235,9998,2
1237,9996,1
1239,9998,1
1240,10002,1
1242,9998,5
1254,10004,1
1259,9998,1
1264,9998,2
1267,9998,1
1267,9998,1
1269,10002,1
1270,10002,1
1270,10002,2
1271,9998,1
1275,10002,1
1275,10002,2
1280,10002,2
1284,10002,1
1294,9998,1
1295,9998,1
1298,10005,2
1303,10005,2
1304,10004,1
1315,9996,1
1319,9996,1
1319,9996,1
1321,10002,1
1322,10004,1
1323,9995,1
1323,9998,2
1323,9998,1
1326,9998,1
1330,9998,2
1335,10005,8
1335,9998,3
1347,9998,1
1370,10002,1
1374,9995,1
1377,9996,2
1378,9996,2
1382,9998,1
1386,10004,1
1394,9996,1
1405,9998,1
1414,9995,10
1416,10002,1
1416,10002,2
1425,9998,1
1433,9998,1
1439,9998,1
1445,10004,2
1445,10004,10
1446,9998,2
1448,10002,1
1451,9998,6
1451,10005,1
1456,10002,1
1459,10002,2
1464,9998,1
1470,10004,1
1470,10004,1
1470,10002,1
1482,9998,1
1482,9998,2
1482,9998,2
1487,10005,5
1487,9995,2
1490,10002,1
1503,10002,1
1506,10002,1
1511,10002,5
1512,10004,2
1515,10004,1
1516,9996,1
1516,9995,1
1521,10002,1
1524,9998,1
1526,9998,1
1527,9996,1
1530,9998,1
1532,10002,2
1533,9998,1
1542,9996,1
1542,9996,1
1552,10004,1
1553,9998,3
1561,10002,1
1564,9998,2
1564,9998,1
1568,9998,1
1568,9998,1
1569,9998,1
1571,10002,1
1574,9996,1
1578,10002,1
1583,9998,1
1584,10004,1
1587,9998,1
1594,9998,1
1595,9995,1
1600,10005,12
1610,9996,2
1616,10002,1
1634,10004,1
1634,10004,1
1639,10004,2
1646,9998,1
1648,10004,1
1648,10004,3
1649,10005,1
1658,10004,1
1659,9996,1
1662,10002,1
1671,9996,2
1682,10005,2
1684,9998,3
1684,10004,1
1684,10004,9
1690,9998,1
1692,9995,2
1699,9998,2
1700,9998,5
1702,9998,1
1713,9998,1
1716,9998,1
1717,10002,2
1718,9995,1
1726,10004,1
1729,9998,2
1730,9998,2
1733,10004,1
1744,10002,1
1746,10002,1
1751,10002,2
1763,10005,3
1767,9998,2
1767,9998,2
1776,10005,6
1779,10004,1
1795,10002,1
1799,10002,4
1800,9998,1
1806,10002,1
1809,10004,1
1809,10004,1
1816,10002,3
1825,10002,1
1828,10002,1
1834,9998,10
1834,9998,2
1836,10002,1
1848,9998,1
1850,9996,1
1855,9996,2
1862,10002,5
1867,9996,1
1867,9996,11
1872,9998,3
1873,9995,1
1876,10002,1
1879,9998,4
1879,10004,2
1882,9996,1
1882,9998,1
1885,10005,1
1892,9996,2
1896,10002,2
1898,9998,1
1900,9998,1
1903,9996,2
1909,9995,2
1930,9995,1
1937,10005,11
1938,9998,1
1939,9996,2
1942,10002,1
1948,9995,1
1951,9996,1
1956,10004,2
1970,9998,1
1971,10002,1
1974,9996,1
1975,9998,5
1977,9995,1
1984,9998,1
1985,10002,3
1994,10002,3
1994,10002,1
1997,10002,1
2001,10002,5
2003,10004,2
2004,10004,1
2008,10002,1
2018,9998,3
2020,10002,3
2022,10002,5
2026,10002,4
2033,9996,2
2039,10004,1
2048,10004,1
2048,10004,7
2050,10004,2
2058,10002,1
2064,9996,2
2070,9998,1
2073,10004,1
2075,9996,2
2075,9996,5
2080,10004,1
2081,9998,1
2097,9996,2
2097,9996,5
2099,9998,1
2103,10002,1
2106,9995,1
2107,9996,1
2111,10002,1
2111,10002,1
2113,9998,1
2114,9996,2
2114,9996,1
2123,9998,1
2130,9998,1
2139,9998,3
2141,9998,1
2141,9998,1
2145,9998,3
2145,9998,1
2147,9996,2
2151,9998,1
2161,10002,1
2166,9998,1
2171,9996,1
2175,9996,1
2178,9996,1
2194,10004,1
2211,10002,1
2212,10002,1
2222,9998,2
2231,9998,2
2236,10002,1
2237,10005,1
2238,10002,1
2245,10002,1
2246,10004,1
2246,10005,1
2250,9996,1
2257,10002,1
2261,9998,1
2261,9998,4
2267,9998,2
2273,9998,1
2277,9996,1
2294,9998,1
2296,10002,1
2303,9996,1
2303,9996,9
2304,10002,1
2309,10004,1
2313,9998,1
2317,10000,4
2321,10002,1
2323,10002,1
2326,9998,2
2326,9998,1
2343,9995,1
2345,9998,1
2347,10004,1
2347,10004,1
2348,9998,1
2352,9995,8
2362,9998,1
2364,9998,1
2368,9998,1
2370,9998,1
2370,9998,3
2373,9996,1
2374,9998,1
2377,9998,1
2383,9998,5
2387,10004,1
2387,10002,1
2393,10004,1
2393,10005,1
2393,10004,8
2401,9998,3
2402,10000,2
2402,10002,5
2410,9998,5
2412,10004,2
2412,10004,6
2414,9998,1
2420,9998,1
2424,10004,1
2435,10002,1
2436,9998,1
2439,9998,1
2441,9996,1
2453,10002,1
2470,10002,5
2475,9995,8
2476,9995,7
2481,9998,2
2484,10005,2
2487,10005,4
2491,9998,1
2494,9998,4
2495,9998,1
2497,10002,1
2497,9996,1
2500,10002,5
2502,9995,9
2504,9998,1
2520,9998,1
2528,10004,1
2531,10004,1
2538,10002,1
2542,10004,1
2542,10004,10
2548,9996,2
2549,9998,2
2551,9998,1
2555,10005,1
2558,9998,5
2559,9998,1
2561,9998,4
2574,9998,4
2575,10002,1
2578,9995,6
2579,9998,1
2580,9998,5
2585,10002,2
2585,10002,2
2589,10002,1
2590,10004,2
2603,10002,1
2607,9998,1
2616,9998,5
2618,9995,1
2621,10002,1
2632,10004,2
2633,9998,2
2633,9998,1
2639,10002,4
2639,10002,1
2641,10005,2
2645,9998,1
2647,9998,4
2647,9998,1
2648,10004,2
2656,9998,1
2659,9995,4
2660,9998,1
2667,10005,2
2671,10002,2
2679,10004,1
2679,10004,4
2682,10005,2
2683,9995,1
2701,9996,2
2701,9996,4
2701,9998,1
2705,10002,1
2714,10002,1
2715,10005,6
2725,9996,2
2731,10002,2
2735,10002,1
2735,9995,10
2737,10004,1
2740,9996,1
2743,10004,1
2749,9996,2
2755,9996,1
2756,9998,1
2757,9998,1
2763,10004,1
2778,10002,1
2780,9996,1
2787,10002,1
2787,10002,1
2796,10002,1
2800,9996,1
2800,9996,1
2805,9996,1
2808,10002,1
2808,10002,1
2812,9998,4
2812,9998,3
2817,10004,1
2828,9998,1
2836,10004,2
2847,9996,2
2850,9996,1
2864,10004,1
2866,10004,1
2868,9998,1
2872,10002,1
2899,10005,2
2899,9995,2
2904,10004,2
2904,10005,1
2904,10004,6
2908,9998,1
2909,9996,1
2912,9998,1
2915,9995,7
2916,10004,2
2925,9998,1
2926,10004,1
2928,10002,1
2929,10004,2
2935,10000,1
2939,9998,1
2943,9996,1
2944,10005,3
2945,9998,1
2964,9998,5
2968,10002,5
2971,10004,1
2976,10002,2
2984,9998,1
2989,9995,1
2992,9996,2
2992,9996,10
2994,9996,1
2998,9998,1
2998,10004,1
2999,9996,1
3004,9995,2
3012,10004,1
3012,10004,1
3019,10002,1
3021,9998,1
3026,9998,1
3027,9998,1
3030,9998,5
3031,9998,1
3039,9998,1
3051,10002,1
3052,10002,1
3053,9998,5
3059,9996,1
3061,10004,1
3061,10005,1
3065,9996,2
3070,9998,3
3072,9995,2
3085,9995,1
3086,9998,1
3093,9998,1
3094,10002,1
3098,10002,1
3100,10002,1
3105,9998,1
3110,9998,1
3118,10002,1
3123,9996,1
3124,9998,1
3135,10004,2
3135,10004,6
3142,9996,1
3144,9996,1
3148,10002,4
3149,9996,1
3151,9998,1
3164,10002,1
3166,9996,2
3170,9998,1
3173,9998,1
3186,9996,1
3186,9996,1
3193,9996,1
3195,10002,1
3195,10002,7
3200,10002,1
3201,10005,2
3203,10002,1
3206,9996,1
3212,9998,1
3215,10002,1
3216,9998,1
3217,10002,2
3226,10002,1
3229,9998,1
3229,9998,5
3229,9998,2
3237,10002,2
3241,10004,1
3241,10004,1
3246,10002,1
3254,9998,1
3256,10004,1
3262,10004,1
3262,10002,1
3269,10002,2
3273,10005,1
3274,10002,1
3287,9995,2
3295,10005,2
3303,10002,2
3308,10004,1
3312,10002,1
3314,9998,1
3318,10002,1
3321,9998,1
3323,10002,1
3324,10005,2
3327,10004,2
3367,10004,1
3370,9998,1
3371,9998,1
3382,9996,1
3384,9998,1
3397,9995,2
3404,9996,1
3411,9998,1
3420,10002,1
3428,10004,1
3428,10004,1
3428,10004,1
3429,9996,1
3432,10002,3
3441,9998,1
3443,10002,3
3448,9995,5
3449,9995,2
3453,9998,1
3468,10005,5
3469,9998,1
3471,10002,1
3473,10004,2
3479,9995,7
3481,9998,5
3503,10002,2
3510,10002,1
3517,9998,1
3519,10002,1
3531,10002,1
3539,9996,1
3550,10002,1
3557,10005,4
3568,9998,4
3572,9998,7
3574,9998,1
3576,9995,2
3585,9998,1
3589,10002,1
3591,10004,1
3593,10005,1
3597,10002,1
3599,9996,1
3600,10005,1
3603,10002,2
3606,9996,2
3606,9996,3
3618,9998,1
3620,9995,11
3621,10002,1
3631,9998,1
3632,10005,2
3636,10002,4
3636,10002,1
3640,10002,1
3640,10002,3
3640,10002,1
3641,9998,1
3644,9998,1
3650,10002,1
3650,10002,4
3651,9998,1
3652,10004,2
3656,9998,3
3656,10004,2
3659,9996,1
3659,9996,3
3660,10002,1
3674,9998,1
3680,10002,1
3687,10005,1
3687,10002,4
3689,9998,1
3691,9996,2
3696,10002,4
3697,9998,1
3709,10002,6
3716,10002,4
3716,10002,1
3728,10004,1
3732,9998,1
3736,9998,1
3739,9998,1
3747,9998,1
3759,9998,1
3760,9998,1
3761,10002,2
3764,10002,2
3764,10002,1
3768,9998,1
3770,9998,1
3772,9998,1
3774,10004,1
3780,9998,1
3784,10002,1
3784,10002,3
3785,10002,1
3811,10002,4
3811,10002,1
3813,10004,1
3817,9998,1
3818,10005,1
3822,9995,3
3825,9998,1
3839,9998,4
3839,10004,1
3839,10004,1
3846,10005,1
3849,9998,1
3850,9995,1
3853,10002,1
3853,9995,1
3859,10002,1
3861,10002,1
3862,10004,2
3864,10002,2
3866,9998,2
3867,10004,2
3868,10002,4
3880,9998,2
3890,10004,1
3893,9996,2
3893,9996,10
3894,9995,1
3899,10002,1
3902,10004,1
3906,9998,1
3915,10005,8
3920,9996,1
3920,9996,1
3928,10004,2
3930,9998,1
3938,9996,2
3938,9998,1
3941,9998,7
3941,9998,2
3941,9998,1
3942,9998,1
3943,10004,1
3946,9995,2
3953,9998,5
3956,9998,1
3961,9998,2
3962,10005,8
3963,10002,1
3970,10004,1
3973,10002,1
3976,9995,2
3977,9998,4
3980,10004,1
3980,10004,10
3984,9998,1
3999,9996,2
4011,9996,2
4024,10002,1
4034,10002,1
4036,10002,3
4036,10002,2
4045,10005,2
4047,9996,2
4047,9996,7
4048,9995,10
4050,10002,1
4053,9998,1
4053,9998,1
4056,9996,2
4056,9995,3
4056,9995,2
4056,9996,10
4076,10004,2
4076,10004,1
4077,10002,3
4082,9996,1
4082,9996,10
4084,9998,2
4086,10004,1
4090,10002,1
4094,10000,2
4101,9998,2
4102,9998,1
4108,10002,1
4115,9998,2
4135,10002,1
4138,9996,2
4144,10004,1
4146,9998,1
4146,9998,3
4150,10002,3
4153,9998,1
4156,10005,2
4158,9996,2
4158,9996,6
4162,9998,1
4166,9996,2
4166,9996,5
4168,9996,1
4168,9996,1
4168,9996,6
4170,9998,2
4173,10002,1
4182,9996,1
4182,9996,1
4184,10004,2
4189,9998,1
4189,10005,10
4196,9996,1
4197,10004,1
4202,9995,2
4203,10004,1
4203,10004,8
4208,9998,1
4214,9996,2
4222,10002,4
4233,9998,1
4234,9998,1
4248,9995,6
4253,9998,2
4258,9998,2
4258,10000,4
4258,10000,1
4259,9998,4
4259,9998,1
4266,9998,10
4275,10002,8
4282,10002,1
4283,9998,2
4290,10004,1
4291,9996,1
4291,9996,1
4296,9996,1
4299,9996,1
4302,9998,1
4304,10002,4
4319,10002,1
4331,10002,1
4335,9996,2
4338,10002,1
4345,10004,1
4346,9998,3
4346,9998,6
4349,9996,1
4350,9998,1
4357,10000,2
4365,10002,1
4369,10002,1
4373,9996,1
4386,9998,1
4387,10002,1
4388,9998,1
4393,10004,1
4393,10004,1
4395,9998,2
4396,10002,1
4397,10002,1
4400,10002,1
4401,10002,4
4413,10002,2
4417,9998,1
4422,10002,1
4424,10002,2
4431,10002,1
4447,9996,2
4447,9996,5
4452,9995,1
4454,9996,1
4457,9998,1
4463,9998,4
4464,9998,1
4468,10002,3
4478,9998,6
4478,9998,2
4479,10002,1
4482,10004,1
4484,9998,1
4486,10002,1
4488,9998,1
4495,10005,12
4495,10002,5
4495,10002,1
4497,9998,9
4499,9995,1
4507,10004,2
4507,10004,5
4507,10002,1
4509,9998,1
4509,9998,2
4515,9998,2
4520,10002,1
4520,10002,3
4533,9998,1
4534,10005,2
4545,10002,1
4548,9998,1
4552,9996,1
4556,10002,1
4557,9998,1
4558,9998,1
4567,9998,2
4571,9998,1
4592,10002,2
4596,10002,1
4600,10004,1
4613,9998,1
4615,10002,3
4620,9998,1
4623,9996,1
4627,10002,1
4629,9998,1
4629,9998,2
4630,10002,1
4630,10004,1
4630,10002,3
4631,9998,4
4638,10002,1
4640,9998,5
4645,9998,3
4645,10004,1
4645,10004,1
4647,10002,1
4650,9998,3
4652,9998,1
4656,9996,1
4656,9996,1
4658,9998,1
4660,9998,1
4662,9995,2
4663,10004,2
4664,10002,1
4666,9996,1
4668,10002,1
4669,9998,2
4672,10002,1
4688,10004,2
4688,10004,1
4699,10002,1
4700,10004,1
4715,10004,2
4723,9998,1
4724,9998,1
4731,10004,2
4733,10002,1
4733,10002,1
4735,9998,2
4736,10002,2
4738,10004,2
4738,10004,2
4746,10002,1
4755,10002,1
4766,10004,2
4766,10004,6
4774,10005,1
4778,10002,1
4778,10002,1
4780,9998,1
4781,10005,6
4782,9998,1
4795,9995,2
4797,9998,3
4800,10005,1
4802,9995,6
4816,10002,1
4819,10005,2
4827,10004,1
4830,10002,3
4830,10002,2
4833,10002,6
4834,10000,1
4839,10004,1
4842,9998,1
4843,9998,1
4845,9998,1
4847,10002,1
4852,10004,2
4853,9998,1
4853,9998,4
4856,10002,5
4865,9998,1
4866,10005,2
4872,10002,3
4874,9995,1
4876,10004,2
4876,10004,9
4882,10002,1
4885,10005,1
4893,9995,12
4895,9996,1
4896,9995,1
4911,9998,5
4916,10002,3
4916,10002,1
4918,10002,1
4922,10005,8
4930,10004,1
4932,9998,1
4932,9998,4
4935,9996,1
4939,10002,1
4941,10002,1
4945,10002,3
4948,10002,1
4966,9998,2
4971,9998,4
4973,9998,1
4974,10004,1
4974,10004,1
4974,10002,1
4977,9998,1
4979,10004,2
4979,10004,8
4983,9998,5
4984,10002,1
4997,9996,1
4999,10002,1
5012,10002,2
5018,9996,2
5018,9996,1
5019,10002,2
5021,10002,1
5025,10002,2
5026,9996,2
5034,10004,2
5045,10002,1
5047,10002,1
5052,10002,1
5055,10004,1
5055,10004,1
5055,10004,6
5060,9998,1
5061,10002,3
5063,9995,8
5065,9995,3
5076,9998,1
5077,10002,1
5084,10004,1
5088,9998,1
5097,10002,1
5097,10002,4
5098,9996,2
5099,10004,2
5101,9998,2
5102,9998,1
5111,10002,1
5113,9996,2
5114,9996,1
5117,9998,1
5118,10005,2
5122,9998,1
5127,10002,1
5129,10002,8
5141,9998,1
5146,10002,4
5146,10002,6
5146,10002,0
5146,10002,6
5152,9995,1
5157,9998,1
5158,9996,2
5159,9998,4
5159,9998,3
5161,9998,3
5162,10002,1
5163,9995,1
5164,10004,2
5164,10002,1
5173,9996,1
5173,9996,1
5179,9998,1
5187,10002,1
5188,10004,1
5188,10002,1
5194,10004,1
5197,10004,2
5216,10004,2
5216,10004,9
5217,10004,1
5217,10002,1
5225,10002,1
5233,9998,3
5236,9998,3
5242,9998,1
5250,10004,1
5253,10002,1
5254,10002,1
5257,9996,1
5271,9996,2
5277,10004,2
5279,9998,1
5286,9998,1
5287,10004,2
5292,9998,1
5296,10004,1
5298,9998,4
5300,9996,1
5300,9996,10
5301,9998,2
5301,9998,3
5304,10002,4
5304,10002,1
5305,10002,5
5305,10002,1
5308,9998,1
5318,9995,7
5339,9996,2
5341,10002,1
5343,10004,1
5344,10002,6
5345,9995,2
5349,10005,2
5355,9998,1
5356,10005,1
5360,10004,2
5366,10002,3
5366,10002,2
5369,9996,2
5369,9996,5
5371,10002,1
5376,10002,5
5380,10004,1
5388,9998,5
5394,9998,1
5404,9998,1
5406,9998,4
5407,10005,10
5412,10002,1
5413,9998,1
5415,9996,2
5415,9996,3
5424,9998,1
5426,9998,1
5427,9995,6
5428,10004,1
5433,9998,1
5440,10002,1
5442,10002,1
5445,9998,1
5455,9998,2
5459,10004,1
5460,10002,3
5461,10002,2
5465,9995,6
5469,10002,2
5470,9998,1
5476,9998,1
5485,9998,4
5485,10002,4
5491,10002,1
5497,10002,1
5498,9998,3
5501,9996,1
5501,9996,9
5503,9998,1
5518,10005,12
5524,9996,2
5528,9998,1
5546,9998,1
5548,9998,1
5550,10002,4
5552,10002,1
5553,10002,1
5554,9998,1
5556,10002,1
5559,10002,1
5561,9996,2
5576,9996,1
5579,9998,2
5589,9998,4
5589,9998,1
5591,9996,1
5592,10002,1
5594,10002,1
5596,9998,1
5605,10002,1
5608,9998,1
5609,9998,1
5613,9996,1
5621,10002,1
5622,9998,1
5622,10002,8
5622,10002,1
5626,9996,2
5635,9998,1
5637,9996,2
5647,9996,1
5647,9996,6
5649,10004,1
5651,10005,1
5661,10002,1
5662,9998,1
5669,10002,1
5672,9996,1
5675,9996,2
5686,9998,1
5691,10002,2
5692,9996,1
5694,9998,1
5695,9996,1
5695,9996,5
5715,9998,2
5729,9998,1
5733,10002,5
5734,10002,1
5746,10002,1
5753,10002,1
5759,9995,2
5760,9998,1
5762,10002,1
5767,10002,1
5768,9996,1
5777,10002,5
5778,10002,1
5782,10004,1
5784,9998,1
5786,9998,1
5788,10004,2
5789,9996,1
5791,9998,1
5795,10004,1
5795,10005,1
5809,10004,1
5809,10004,3
5816,10004,1
5816,10004,7
5818,10002,4
5820,9998,3
5834,10002,1
5837,9998,1
5845,10002,1
5865,10004,2
5866,9996,2
5875,10000,2
5883,9998,1
5883,9998,6
5887,9996,1
5895,9998,1
5898,10004,1
5899,9996,1
5900,9998,1
5901,9996,2
5902,10004,1
5903,9998,1
5904,9998,1
5906,10004,2
5911,10005,2
5914,9996,2
5915,9998,1
5918,10002,1
5928,10002,1
5929,10002,3
5936,9998,1
5943,9998,1
5945,10002,1
5952,10002,1
5953,10005,5
5960,10004,1
5963,9998,2
5963,9998,5
5973,9998,3
5974,9995,8
5975,10004,2
5980,9995,8
5990,10002,1
5990,10002,1
5992,10002,1
5992,10002,1
5993,10002,1
5993,10002,2
5995,9998,1
5999,10002,1
6004,10004,1
6013,10005,1
6015,10002,1
6021,10000,1
6028,10002,3
6042,10004,1
6050,9998,1
6067,10002,4
6079,9998,2
6088,10005,1
6091,9996,1
6091,9996,1
6092,9998,1
6093,10002,2
6114,9998,3
6133,9998,1
6140,9998,2
6142,10002,1
6168,9998,1
6171,9998,1
6192,10002,1
6196,9998,2
6203,10002,1
6204,10004,2
6218,9998,1
6221,9998,1
6221,9998,9
6234,10002,1
6241,10002,1
6244,10004,1
6259,10004,2
6262,9998,1
6267,9998,1
6272,10002,5
6273,10004,1
6276,10002,1
6277,10002,1
6282,9998,3
6284,10002,1
6284,10002,2
6291,10002,1
6293,10002,4
6294,9995,1
6295,9998,1
6296,9998,5
6303,10002,1
6304,9998,1
6305,10002,1
6314,10004,1
6317,9995,5
6324,9998,1
6327,9998,1
6329,9996,1
6335,9995,3
6344,10002,1
6350,9995,2
6350,10005,2
6356,9996,1
6356,9996,5
6357,10002,4
6367,10005,1
6372,10004,1
6372,10004,1
6375,9998,1
6376,10005,8
6386,10002,1
6386,10002,4
6387,9998,2
6388,10002,1
6396,10002,2
6398,9995,2
6406,9996,1
6406,9998,4
6427,9995,1
6436,10002,2
6441,10002,1
6445,9996,1
6447,9998,4
6458,10004,1
6459,10002,6
6459,10002,3
6460,10005,5
6461,10002,2
6481,9998,1
6486,10000,1
6488,9998,1
6492,9998,8
6493,9996,1
6495,9998,1
6496,10002,1
6505,9998,1
6505,9998,1
6508,9996,1
6508,9996,1
6510,10002,1
6511,9998,5
6521,10004,1
6522,9998,5
6527,9998,1
6529,10002,5
6532,9998,1
6536,10004,2
6540,10004,2
6542,10002,1
6542,10002,2
6543,10002,1
6547,10002,4
6547,9996,2
6547,9996,4
6550,9998,1
6554,10002,2
6560,10002,1
6566,10002,1
6571,9998,1
6576,10005,1
6582,10002,2
6583,9998,1
6584,10002,4
6586,10002,1
6589,9996,1
6589,9996,1
6589,9996,4
6590,9998,1
6600,10000,2
6603,10004,1
6603,10004,1
6609,9996,1
6610,9996,2
6610,9995,2
6612,9998,1
6614,9998,3
6618,10005,1
6619,10002,1
6620,9998,1
6620,10004,1
6630,9998,5
6635,9996,2
6638,10002,1
6645,10002,2
6646,10002,1
6651,10002,1
6654,10002,5
6654,10002,1
6666,9998,1
6672,10002,1
6673,10002,1
6675,10002,3
6676,9998,1
6684,10004,1
6687,9998,4
6689,9996,2
6696,9995,2
6718,9998,1
6721,9998,6
6726,9998,3
6726,9998,1
6729,10002,1
6733,9998,1
6737,9998,3
6753,9998,2
6755,9998,2
6764,10002,1
6771,10002,10
6772,9998,1
6776,9998,1
6780,10002,1
6792,9998,1
6793,10004,2
6796,10002,2
6796,10002,6
6797,9995,7
6800,9998,1
6802,10004,1
6808,10005,1
6820,9996,2
6830,9998,1
6848,9996,2
6848,9995,1
6861,9998,5
6864,9996,2
6878,9998,1
6879,10002,3
6881,10004,1
6881,10004,10
6893,9996,1
6893,9996,1
6897,10002,5
6901,9998,3
6902,10002,1
6907,10002,3
6910,9998,1
6921,9996,1
6921,9996,1
6922,9998,1
6932,9995,4
6952,10004,1
6952,10004,5
6956,10004,1
6961,10002,1
6974,9998,1
6977,10002,1
6978,9998,1
6983,10004,1
6984,10002,3
6985,9998,4
6987,10002,5
6989,9996,1
6989,9996,7
6993,10002,1
7005,10004,1
7007,10002,1
7007,10000,1
7011,10005,6
7011,10002,5
7015,9995,2
7019,10004,1
7022,10004,2
7023,10005,8
7033,10002,1
7033,9996,1
7035,9998,2
7041,9998,4
7046,9996,2
7046,9996,3
7053,9998,5
7056,10004,1
7056,10005,1
7061,10005,2
7063,9998,1
7073,9998,1
7082,10005,2
7086,10002,1
7086,10002,4
7089,10004,1
7091,10002,1
7103,10002,2
7109,10004,2
7119,10002,1
7120,9996,1
7120,9996,1
7124,9998,1
7127,9998,3
7133,10004,1
7134,10002,1
7140,10002,1
7149,10002,6
7156,9998,1
7156,10005,3
7164,9998,4
7169,10005,3
7173,9998,1
7173,10002,6
7184,9996,1
7184,9996,1
7194,10004,1
7205,9998,1
7212,10002,1
7216,10002,1
7218,10002,1
7224,9996,2
7227,10004,1
7233,10002,1
7236,10002,1
7240,9995,2
7251,9998,1
7254,9995,5
7266,10002,1
7266,10002,8
7266,10002,0
7266,10002,3
7272,9998,3
7273,10002,1
7274,9995,1
7278,10002,1
7279,10002,1
7282,10004,1
7289,10002,1
7290,9996,2
7295,10004,1
7300,10002,1
7302,9996,2
7302,9995,7
7302,9996,9
7304,9996,2
7304,9996,9
7308,10002,4
7313,10002,1
7315,10004,2
7315,10004,3
7315,10002,1
7316,10004,1
7322,10005,6
7328,10002,1
7335,9998,1
7338,10002,1
7342,9998,2
7344,9996,1
7345,9995,1
7347,10004,2
7347,10004,1
7349,9998,1
7350,9996,2
7361,10002,1
7363,10002,1
7364,10002,4
7365,10002,1
7369,10004,1
7380,10002,1
7383,9998,2
7389,9998,1
7389,9998,3
7396,9998,5
7406,10005,1
7408,10004,1
7417,10002,6
7422,9996,1
7424,9998,1
7425,9998,1
7427,9998,1
7427,9998,3
7431,9998,1
7437,10002,1
7439,10002,9
7440,10004,1
7444,9998,1
7456,10004,2
7458,10002,1
7458,10002,2
7468,10000,1
7471,9996,1
7477,9998,5
7488,9998,1
7491,9996,2
7494,9996,1
7496,10002,1
7510,9996,1
7510,9996,1
7510,9996,6
7514,10004,2
7518,9996,2
7523,10002,1
7524,10002,2
7529,10002,2
7537,9998,8
7541,10005,1
7543,10004,1
7545,9998,1
7561,9998,3
7563,10002,1
7571,9996,1
7575,9998,5
7580,10004,1
7587,10005,7
7589,10002,1
7592,10005,2
7597,9998,1
7598,10002,2
7601,9996,1
7605,10004,1
7609,10004,2
7609,10004,8
7620,9996,1
7620,9996,5
7623,9995,8
7625,10002,1
7629,9998,1
7642,9998,5
7642,9998,1
7643,10002,3
7645,9996,2
7657,10002,1
7657,9996,1
7657,9996,6
7663,10002,1
7667,9995,2
7668,10002,1
7675,10002,1
7677,9995,2
7685,9998,1
7687,10002,1
7695,9998,3
7703,10002,1
7707,9996,1
7722,9996,2
7728,10002,1
7732,9998,5
7736,10004,2
7739,10002,5
7740,9998,1
7743,10002,2
7748,10002,1
7748,10002,2
7749,10004,2
7760,10002,1
7761,9998,1
7762,9995,2
7768,10005,2
7771,10004,1
7772,9998,1
7773,9998,1
7782,10004,1
7782,10004,5
7786,9996,1
7786,9996,1
7788,9996,1
7796,10002,1
7798,10004,1
7799,10002,4
7804,10002,1
7808,10002,1
7810,10004,1
7810,10004,6
7810,10002,4
7812,9998,1
7815,10002,4
7821,10002,1
7834,9998,1
7838,10002,5
7838,10002,1
7842,9998,1
7843,9995,10
7846,9996,1
7846,9995,1
7846,9996,1
7856,10002,1
7859,9998,2
7868,10002,1
7871,9996,2
7876,9996,1
7876,9996,8
7885,10004,2
7889,9995,2
7899,10002,1
7922,9998,8
7922,9998,3
7924,10005,1
7925,9995,1
7929,9996,1
7929,9996,7
7930,10004,2
7936,10000,1
7943,9998,1
7945,10002,1
7960,9998,1
7963,10004,2
7964,10002,1
7966,9996,2
7969,9998,4
7975,10004,2
7981,9995,1
7984,10002,1
7985,9998,3
7986,9998,1
7990,9995,2
7995,10002,1
8016,10005,1
8017,9996,1
8024,9998,1
8029,9996,1
8029,9996,6
8031,9998,1
8041,10002,1
8043,10002,1
8045,9998,3
8045,9998,2
8046,9998,1
8051,10002,1
8056,10002,1
8057,9998,1
8066,10005,9
8069,10005,7
8069,10002,3
8071,10002,1
8077,9998,5
8078,9996,2
8087,10005,2
8089,9998,1
8091,9998,1
8094,9996,1
8094,9996,2
8095,9998,1
8103,10005,2
8103,10002,1
8112,9998,1
8113,10005,1
8133,10002,1
8135,10002,2
8140,10002,1
8141,9998,5
8143,9995,1
8145,9995,7
8145,9998,5
8145,9998,1
8146,9996,1
8147,9998,1
8168,10004,1
8169,10000,1
8171,10004,2
8173,10002,4
8180,10004,1
8182,10004,1
8182,10004,1
8186,10000,1
8188,10002,1
8199,9998,1
8201,10004,1
8201,10004,1
8205,9998,1
8215,9996,1
8215,9996,11
8220,9998,1
8226,10002,1
8226,10002,3
8255,9996,1
8274,9998,1
8276,9998,1
8278,10004,1
8278,10004,1
8282,9995,2
8295,10004,1
8296,10002,4
8305,9998,1
8306,10002,3
8306,10002,1
8309,10002,1
8313,9996,2
8314,9998,1
8318,9998,1
8325,9998,3
8330,10002,3
8343,9998,1
8344,9996,1
8344,9996,1
8344,9998,1
8347,9996,1
8348,10002,1
8349,9996,1
8366,10002,1
8380,9998,1
8386,9998,1
8393,9996,2
8397,10002,1
8397,10002,1
8400,9998,1
8407,10002,4
8408,9998,1
8413,10002,5
8415,10004,1
8425,10002,4
8427,10002,1
8430,9998,2
8431,10002,5
8439,10005,2
8440,10002,1
8442,9998,1
8442,10002,4
8444,9998,4
8457,9995,1
8461,9998,3
8463,9998,4
8463,9998,5
8464,10005,7
8464,9995,1
8468,10005,2
8469,10004,1
8470,10002,1
8481,10004,2
8490,9998,1
8491,9998,1
8494,10002,2
8497,9998,1
8499,9998,1
8508,10002,1
8510,9996,1
8511,10004,1
8511,10004,10
8518,10004,1
8522,10002,1
8530,10002,2
8536,10005,1
8537,9998,1
8557,10002,3
8563,10002,1
8566,10005,2
8585,9998,1
8595,10002,1
8598,9996,1
8603,9998,1
8606,9998,1
8611,9998,4
8611,9998,1
8616,10005,2
8623,9995,6
8624,9998,1
8646,10002,1
8649,9998,2
8652,9998,1
8659,10002,5
8674,9998,1
8678,10002,1
8680,10004,1
8695,10004,1
8702,9995,8
8705,9998,1
8709,10005,1
8710,9998,1
8717,9996,1
8734,9998,5
8735,10002,2
8735,10002,3
8738,9998,1
8743,10002,1
8744,10002,2
8745,10004,2
8745,10004,6
8748,10002,1
8756,10002,1
8758,10002,2
8760,10004,1
8760,10004,3
8767,9996,1
8772,10004,2
8773,9998,1
8775,9998,1
8783,9998,1
8790,9998,1
8799,10002,1
8816,9998,4
8816,9998,1
8818,9996,1
8819,10004,1
8823,9996,2
8842,9998,1
8854,9998,1
8856,10004,1
8870,10002,1
8873,9996,1
8877,9998,1
8881,10002,1
8881,9996,1
8881,9996,1
8885,9995,2
8892,9998,1
8895,10002,1
8896,9996,2
8906,10004,1
8906,10004,1
8912,9998,5
8917,9998,1
8920,10002,1
8921,10005,2
8926,9998,1
8927,10002,1
8931,9998,1
8933,9998,5
8936,10004,2
8943,10002,1
8945,10004,2
8945,10004,2
8947,9996,1
8951,10002,1
8952,9998,5
8971,9996,2
8973,9995,10
8981,10002,1
8984,10004,1
8987,10000,1
8989,10004,1
8994,10002,2
9000,9995,1
9001,10004,2
9007,10000,1
9015,9996,2
9015,9996,2
9024,9998,1
9029,9998,1
9039,9998,1
9041,10002,1
9043,10005,5
9046,10004,1
9046,10004,1
9048,10002,1
9050,10002,1
9054,9998,1
9055,9995,1
9058,9998,1
9069,10002,2
9070,9998,2
9073,10004,1
9074,10004,1
9076,10004,2
9078,10002,5
9080,10002,1
9081,10002,5
9081,10002,1
9085,9998,1
9087,10002,1
9087,10002,2
9095,10002,1
9102,10002,2
9102,10002,2
9104,10002,3
9109,10005,1
9113,9995,12
9115,10004,2
9118,9998,1
9127,9996,1
9137,9998,1
9147,10004,1
9148,9998,2
9150,10004,1
9151,9998,1
9162,9998,1
9162,9998,2
9167,10005,1
9176,10004,1
9176,10004,7
9176,10002,12
9184,9998,1
9190,9996,1
9190,9996,8
9195,9998,5
9196,9996,1
9196,9996,7
9198,9998,1
9204,9998,5
9209,9996,1
9224,9998,4
9228,10002,1
9234,10002,1
9235,9996,1
9236,10005,1
9238,10002,2
9241,10002,1
9247,10002,1
9248,10002,1
9256,9995,1
9268,10002,1
9282,9998,1
9297,10004,1
9301,9998,4
9301,9998,2
9311,9998,1
9314,9998,1
9316,9995,2
9317,9998,1
9322,9998,1
9330,9998,1
9332,9996,1
9332,9998,1
9333,10002,3
9333,10002,2
9335,9995,8
9339,10004,1
9340,10005,10
9340,10005,8
9343,9998,1
9346,9998,2
9351,10004,1
9352,9998,1
9356,10005,2
9358,10005,8
9359,9995,1
9367,9998,1
9372,9996,2
9377,9996,2
9378,10002,4
9379,9996,1
9380,9996,1
9382,10005,1
9392,9996,1
9396,10002,1
9397,10002,1
9397,10002,1
9405,10002,1
9408,10002,1
9412,9995,2
9426,10004,2
9427,9998,7
9435,9998,1
9450,10005,2
9451,10002,1
9454,10002,1
9459,9996,1
9459,9998,5
9471,10005,1
9476,10004,1
9479,9998,3
9482,10004,2
9484,9996,2
9493,10005,2
9498,10004,1
9498,10004,1
9501,10004,1
9505,10004,1
9505,10004,9
9507,9998,2
9512,9998,5
9517,10002,1
9518,10005,1
9530,10002,1
9534,10004,2
9535,9998,1
9536,9998,1
9539,9995,2
9543,10002,1
9565,10002,1
9567,9998,2
9576,9998,1
9578,10002,2
9580,9998,1
9584,9998,1
9585,9996,1
9587,10004,1
9593,10004,1
9604,10002,1
9606,10005,2
9611,9995,6
9614,10005,3
9614,10002,4
9615,10002,1
9617,9998,1
9623,9998,3
9626,10005,1
9628,9996,1
9629,9998,1
9629,9996,2
9629,9998,4
9634,9998,2
9648,10002,3
9658,9998,4
9661,10002,1
9663,10002,1
9669,9998,1
9677,10004,1
9685,10004,2
9686,10005,7
9689,9998,1
9690,9996,1
9693,10004,1
9695,9998,3
9697,10004,1
9697,10004,10
9711,10004,2
9716,10005,4
9723,10004,1
9729,9998,3
9740,9995,2
9747,9998,4
9748,10002,3
9751,10002,4
9753,10002,7
9753,9996,1
9765,10002,1
9771,9998,2
9779,9998,1
9787,10002,1
9797,10002,1
9798,10004,1
9800,10005,8
9808,9996,1
9810,10005,1
9821,9995,11
9823,10002,1
9842,10002,1
9842,10002,1
9843,10002,1
9845,9998,1
9846,10000,2
9853,10002,1
9854,10002,9
9854,10002,1
9860,10000,1
9862,9996,1
9864,9995,2
9866,10002,1
9870,10002,1
9873,9998,5
9880,10004,2
9884,9995,7
9890,10002,1
9899,10002,2
9909,10002,4
9916,9998,2
9922,10002,1
9928,10004,1
9928,10004,3
9928,10002,1
9930,10005,1
9934,9996,1
9940,9996,1
9940,9996,3
9941,9995,1
9949,9998,1
9962,9998,1
9963,9996,1
9965,10004,2
9965,10004,1
9966,9998,1
9967,10005,2
9969,9998,1
9971,9996,1
9975,9998,1
9976,10002,4
9977,10002,1
9984,10002,4
9988,10002,1
9995,9995,2
